nome: Jeremiah Harrington | email: jeremiahharrington@hotmail.com
nome: Chad Morales | email: chadmorales@hotmail.com
nome: Kayla Norris | email: kaylanorris@hotmail.com
nome: Christopher Henderson | email: christopherhenderson@yahoo.com
nome: Michael Gates | email: michaelgates@gmail.com
nome: Lori Porter | email: loriporter@yahoo.com
nome: Allen Gould | email: allengould@hotmail.com
nome: Jason Mendez | email: jasonmendez@yahoo.com
nome: Sharon Adams | email: sharonadams@yahoo.com
nome: Shelia Sullivan | email: sheliasullivan@hotmail.com
nome: Julie Moore | email: juliemoore@hotmail.com
nome: Andrea Baker | email: andreabaker@gmail.com
nome: Robert Huang | email: roberthuang@hotmail.com
nome: Shannon Peters | email: shannonpeters@hotmail.com
nome: Frank May | email: frankmay@hotmail.com
nome: Lindsay Adams | email: lindsayadams@hotmail.com
nome: Kevin Griffin | email: kevingriffin@gmail.com
nome: Kevin Smith | email: kevinsmith@gmail.com
nome: Mary Hamilton | email: maryhamilton@yahoo.com
nome: Kelly Smith | email: kellysmith@gmail.com
nome: Thomas Clark | email: thomasclark@yahoo.com
nome: Antonio Evans | email: antonioevans@gmail.com
nome: Mark Marquez | email: markmarquez@hotmail.com
nome: Mrs. Dana Caldwell | email: mrs.danacaldwell@hotmail.com
nome: Tiffany Green | email: tiffanygreen@hotmail.com
nome: Tabitha Larson | email: tabithalarson@hotmail.com
nome: Darlene Ramirez | email: darleneramirez@yahoo.com
nome: Jeremiah Sandoval | email: jeremiahsandoval@yahoo.com
nome: Julie Contreras | email: juliecontreras@gmail.com
nome: Craig Barajas | email: craigbarajas@hotmail.com
nome: Marcia Brooks | email: marciabrooks@hotmail.com
nome: Cynthia Montoya | email: cynthiamontoya@gmail.com
nome: Donna Williams | email: donnawilliams@hotmail.com
nome: Denise Thompson | email: denisethompson@gmail.com
nome: Elizabeth Richardson | email: elizabethrichardson@gmail.com
nome: David Williams | email: davidwilliams@hotmail.com
nome: Katherine Martinez | email: katherinemartinez@hotmail.com
nome: Tracey Ramirez | email: traceyramirez@yahoo.com
nome: Nancy Brooks | email: nancybrooks@gmail.com
nome: Adam Rivas | email: adamrivas@hotmail.com
nome: Jonathan Hall | email: jonathanhall@yahoo.com
nome: Diamond Torres | email: diamondtorres@yahoo.com
nome: Christina Lynn | email: christinalynn@yahoo.com
nome: Kimberly Hughes | email: kimberlyhughes@yahoo.com
nome: James Bass | email: jamesbass@gmail.com
nome: Brian Stevenson | email: brianstevenson@hotmail.com
nome: Heather Taylor | email: heathertaylor@gmail.com
nome: Andrew Peterson | email: andrewpeterson@gmail.com
nome: Richard Brooks | email: richardbrooks@hotmail.com
nome: William Cooper | email: williamcooper@yahoo.com
nome: Destiny Henry | email: destinyhenry@hotmail.com
nome: Rachael Conrad | email: rachaelconrad@yahoo.com
nome: Xavier Moody | email: xaviermoody@yahoo.com
nome: Andrew Carroll | email: andrewcarroll@yahoo.com
nome: Brooke Chavez | email: brookechavez@gmail.com
nome: Stephanie Macias | email: stephaniemacias@gmail.com
nome: Jennifer Wise | email: jenniferwise@yahoo.com
nome: Christina Clark | email: christinaclark@yahoo.com
nome: Erica Anthony | email: ericaanthony@hotmail.com
nome: Robert Hinton | email: roberthinton@yahoo.com
nome: Sara Singh | email: sarasingh@hotmail.com
nome: Deborah Jones | email: deborahjones@yahoo.com
nome: Sarah Lindsey | email: sarahlindsey@yahoo.com
nome: Kelly Sullivan | email: kellysullivan@gmail.com
nome: Zachary Berry | email: zacharyberry@hotmail.com
nome: Meghan Miller | email: meghanmiller@hotmail.com
nome: Mark Gomez | email: markgomez@hotmail.com
nome: Kelly Gallagher | email: kellygallagher@hotmail.com
nome: Ruth Burke | email: ruthburke@gmail.com
nome: Elizabeth Nunez | email: elizabethnunez@hotmail.com
nome: Jo Townsend | email: jotownsend@hotmail.com
nome: Crystal Ellis | email: crystalellis@yahoo.com
nome: Juan Mann | email: juanmann@gmail.com
nome: Gloria Mendoza | email: gloriamendoza@yahoo.com
nome: Dorothy Brown | email: dorothybrown@gmail.com
nome: Gerald Clark | email: geraldclark@gmail.com
nome: Robert Dudley | email: robertdudley@hotmail.com
nome: Dale Buckley | email: dalebuckley@yahoo.com
nome: Richard King | email: richardking@gmail.com
nome: Barbara Cooper | email: barbaracooper@hotmail.com
nome: Matthew Velazquez | email: matthewvelazquez@hotmail.com
nome: Whitney Martinez | email: whitneymartinez@hotmail.com
nome: Christopher Goodwin | email: christophergoodwin@hotmail.com
nome: Scott Price | email: scottprice@hotmail.com
nome: Robert Smith | email: robertsmith@gmail.com
nome: Amber Wolfe | email: amberwolfe@yahoo.com
nome: Melissa Reynolds | email: melissareynolds@gmail.com
nome: Ann Thompson | email: annthompson@yahoo.com
nome: Caleb Herrera | email: calebherrera@hotmail.com
nome: Ryan Sanchez | email: ryansanchez@gmail.com
nome: Kathryn Gomez | email: kathryngomez@hotmail.com
nome: Marie Williams | email: mariewilliams@gmail.com
nome: Juan Goodman | email: juangoodman@hotmail.com
nome: Brandon Fuller | email: brandonfuller@hotmail.com
nome: David Ayala | email: davidayala@gmail.com
nome: Ethan Hunt | email: ethanhunt@yahoo.com
nome: Sarah Mitchell | email: sarahmitchell@yahoo.com
nome: Lindsay Meyer | email: lindsaymeyer@gmail.com
nome: Angie Quinn | email: angiequinn@yahoo.com
nome: Emma Miller | email: emmamiller@yahoo.com